{
  "Miscellaneous": {
    "xgb": 38.14677037538045
  },
  "Inflammatory": {
    "xgb": 61.148296891268785
  },
  "Epithelial": {
    "xgb": 56.8195534097767
  },
  "Spindle": {
    "xgb": 43.23412089598036
  },
  "AVG": {
    "xgb": 49.83718539310158
  },
  "Paper": {
    "Miscellaneous": 29.09,
    "Inflammatory": 50.11,
    "Epithelial": 45.92,
    "Spindle": 40.27,
    "AVG": 41.347500000000004
  },
  "_counts": {
    "xgb": {
      "1": {
        "tp": 1128,
        "fp": 455,
        "fn": 535,
        "fp_d": 568,
        "fn_d": 1110
      },
      "2": {
        "tp": 4111,
        "fp": 701,
        "fn": 1058,
        "fp_d": 489,
        "fn_d": 1217
      },
      "3": {
        "tp": 5649,
        "fp": 295,
        "fn": 326,
        "fp_d": 2722,
        "fn_d": 4622
      },
      "4": {
        "tp": 4227,
        "fp": 1479,
        "fn": 1011,
        "fp_d": 2568,
        "fn_d": 3552
      }
    }
  },
  "_total_gt": {
    "1": 2773,
    "2": 6386,
    "3": 10597,
    "4": 8790
  }
}