{
  "Miscellaneous": {
    "xgb": 17.807189050985112
  },
  "Inflammatory": {
    "xgb": 49.33164485718306
  },
  "Epithelial": {
    "xgb": 38.534321163973935
  },
  "Spindle": {
    "xgb": 25.445557434629894
  },
  "AVG": {
    "xgb": 32.779678126693
  },
  "Paper": {
    "Miscellaneous": 29.09,
    "Inflammatory": 50.11,
    "Epithelial": 45.92,
    "Spindle": 40.27,
    "AVG": 41.347500000000004
  },
  "_counts": {
    "xgb": {
      "1": {
        "tp": 592,
        "fp": 801,
        "fn": 1071,
        "fp_d": 611,
        "fn_d": 1110
      },
      "2": {
        "tp": 3506,
        "fp": 1134,
        "fn": 1663,
        "fp_d": 391,
        "fn_d": 1217
      },
      "3": {
        "tp": 4317,
        "fp": 1644,
        "fn": 1658,
        "fp_d": 2546,
        "fn_d": 4622
      },
      "4": {
        "tp": 2934,
        "fp": 3117,
        "fn": 2304,
        "fp_d": 2799,
        "fn_d": 3552
      }
    }
  },
  "_total_gt": {
    "1": 2773,
    "2": 6386,
    "3": 10597,
    "4": 8790
  }
}