{
  "Miscellaneous": {
    "xgb": 44.066529620631655
  },
  "Inflammatory": {
    "xgb": 61.34423119025031
  },
  "Epithelial": {
    "xgb": 57.54535319752711
  },
  "Spindle": {
    "xgb": 43.57193914020219
  },
  "AVG": {
    "xgb": 51.632013287152816
  },
  "Paper": {
    "Miscellaneous": 29.09,
    "Inflammatory": 50.11,
    "Epithelial": 45.92,
    "Spindle": 40.27,
    "AVG": 41.347500000000004
  },
  "_counts": {
    "xgb": {
      "1": {
        "tp": 1179,
        "fp": 229,
        "fn": 484,
        "fp_d": 457,
        "fn_d": 1110
      },
      "2": {
        "tp": 4203,
        "fp": 776,
        "fn": 966,
        "fp_d": 596,
        "fn_d": 1217
      },
      "3": {
        "tp": 5678,
        "fp": 212,
        "fn": 297,
        "fp_d": 2738,
        "fn_d": 4622
      },
      "4": {
        "tp": 4267,
        "fp": 1501,
        "fn": 971,
        "fp_d": 2556,
        "fn_d": 3552
      }
    }
  },
  "_total_gt": {
    "1": 2773,
    "2": 6386,
    "3": 10597,
    "4": 8790
  }
}