{
  "Miscellaneous": {
    "xgb": 43.13360625232601
  },
  "Inflammatory": {
    "xgb": 59.60456273764259
  },
  "Epithelial": {
    "xgb": 57.57868510703208
  },
  "Spindle": {
    "xgb": 43.57607472978921
  },
  "AVG": {
    "xgb": 50.973232206697475
  },
  "Paper": {
    "Miscellaneous": 29.09,
    "Inflammatory": 50.11,
    "Epithelial": 45.92,
    "Spindle": 40.27,
    "AVG": 41.347500000000004
  },
  "_counts": {
    "xgb": {
      "1": {
        "tp": 1159,
        "fp": 235,
        "fn": 504,
        "fp_d": 468,
        "fn_d": 1110
      },
      "2": {
        "tp": 3919,
        "fp": 617,
        "fn": 1250,
        "fp_d": 361,
        "fn_d": 1217
      },
      "3": {
        "tp": 5662,
        "fp": 191,
        "fn": 313,
        "fp_d": 2713,
        "fn_d": 4622
      },
      "4": {
        "tp": 4455,
        "fp": 1807,
        "fn": 783,
        "fp_d": 2805,
        "fn_d": 3552
      }
    }
  },
  "_total_gt": {
    "1": 2773,
    "2": 6386,
    "3": 10597,
    "4": 8790
  }
}