{
  "Miscellaneous": {
    "xgb": 38.29140638190107
  },
  "Inflammatory": {
    "xgb": 61.18435754189944
  },
  "Epithelial": {
    "xgb": 56.82538086379406
  },
  "Spindle": {
    "xgb": 43.250984604368064
  },
  "AVG": {
    "xgb": 49.88803234799066
  },
  "Paper": {
    "Miscellaneous": 29.09,
    "Inflammatory": 50.11,
    "Epithelial": 45.92,
    "Spindle": 40.27,
    "AVG": 41.347500000000004
  },
  "_counts": {
    "xgb": {
      "1": {
        "tp": 1134,
        "fp": 460,
        "fn": 529,
        "fp_d": 567,
        "fn_d": 1110
      },
      "2": {
        "tp": 4107,
        "fp": 692,
        "fn": 1062,
        "fp_d": 486,
        "fn_d": 1217
      },
      "3": {
        "tp": 5651,
        "fp": 298,
        "fn": 324,
        "fp_d": 2721,
        "fn_d": 4622
      },
      "4": {
        "tp": 4228,
        "fp": 1475,
        "fn": 1010,
        "fp_d": 2573,
        "fn_d": 3552
      }
    }
  },
  "_total_gt": {
    "1": 2773,
    "2": 6386,
    "3": 10597,
    "4": 8790
  }
}