{
  "Miscellaneous": {
    "xgb": 38.22883217846882
  },
  "Inflammatory": {
    "xgb": 61.2153708668454
  },
  "Epithelial": {
    "xgb": 56.82241110496405
  },
  "Spindle": {
    "xgb": 43.280834526488036
  },
  "AVG": {
    "xgb": 49.88686216919157
  },
  "Paper": {
    "Miscellaneous": 29.09,
    "Inflammatory": 50.11,
    "Epithelial": 45.92,
    "Spindle": 40.27,
    "AVG": 41.347500000000004
  },
  "_counts": {
    "xgb": {
      "1": {
        "tp": 1131,
        "fp": 457,
        "fn": 532,
        "fp_d": 567,
        "fn_d": 1110
      },
      "2": {
        "tp": 4110,
        "fp": 694,
        "fn": 1059,
        "fp_d": 485,
        "fn_d": 1217
      },
      "3": {
        "tp": 5649,
        "fp": 295,
        "fn": 326,
        "fp_d": 2721,
        "fn_d": 4622
      },
      "4": {
        "tp": 4232,
        "fp": 1477,
        "fn": 1006,
        "fp_d": 2574,
        "fn_d": 3552
      }
    }
  },
  "_total_gt": {
    "1": 2773,
    "2": 6386,
    "3": 10597,
    "4": 8790
  }
}