{
  "Neutrophil": {
    "xgb": 30.668248319493873
  },
  "Epithelial": {
    "xgb": 76.49485193105696
  },
  "Lymphocyte": {
    "xgb": 63.37948907281089
  },
  "Plasma": {
    "xgb": 37.04390411027922
  },
  "Eosinophil": {
    "xgb": 38.63007380073801
  },
  "Connective": {
    "xgb": 63.92364929979616
  },
  "AVG": {
    "xgb": 51.690036089029185
  },
  "Paper": {
    "Neutrophil": 24.8,
    "Epithelial": 70.64,
    "Lymphocyte": 53.31,
    "Plasma": 71.2,
    "Eosinophil": 68.69,
    "Connective": 70.76,
    "AVG": 59.900000000000006
  },
  "_counts": {
    "xgb": {
      "1": {
        "tp": 1939,
        "fp": 1373,
        "fn": 1382,
        "fp_d": 1496,
        "fn_d": 1761
      },
      "2": {
        "tp": 216049,
        "fp": 4360,
        "fn": 5285,
        "fp_d": 52736,
        "fn_d": 60748
      },
      "3": {
        "tp": 88409,
        "fp": 16996,
        "fn": 22292,
        "fp_d": 13357,
        "fn_d": 10232
      },
      "4": {
        "tp": 18381,
        "fp": 17121,
        "fn": 10764,
        "fp_d": 3887,
        "fn_d": 2820
      },
      "5": {
        "tp": 1675,
        "fp": 647,
        "fn": 992,
        "fp_d": 862,
        "fn_d": 1182
      },
      "6": {
        "tp": 89216,
        "fp": 12018,
        "fn": 11800,
        "fp_d": 28131,
        "fn_d": 24934
      }
    }
  }
}