{
  "Neutrophil": {
    "xgb": 30.56761664166732
  },
  "Epithelial": {
    "xgb": 76.5015518795182
  },
  "Lymphocyte": {
    "xgb": 63.488651994497936
  },
  "Plasma": {
    "xgb": 37.07991378176262
  },
  "Eosinophil": {
    "xgb": 38.67250518552662
  },
  "Connective": {
    "xgb": 63.95863418269903
  },
  "AVG": {
    "xgb": 51.711478944278625
  },
  "Paper": {
    "Neutrophil": 24.8,
    "Epithelial": 70.64,
    "Lymphocyte": 53.31,
    "Plasma": 71.2,
    "Eosinophil": 68.69,
    "Connective": 70.76,
    "AVG": 59.900000000000006
  },
  "_counts": {
    "xgb": {
      "1": {
        "tp": 1936,
        "fp": 1385,
        "fn": 1385,
        "fp_d": 1494,
        "fn_d": 1761
      },
      "2": {
        "tp": 216040,
        "fp": 4345,
        "fn": 5294,
        "fp_d": 52693,
        "fn_d": 60748
      },
      "3": {
        "tp": 88620,
        "fp": 17064,
        "fn": 22081,
        "fp_d": 13406,
        "fn_d": 10232
      },
      "4": {
        "tp": 18321,
        "fp": 16905,
        "fn": 10824,
        "fp_d": 3899,
        "fn_d": 2820
      },
      "5": {
        "tp": 1678,
        "fp": 655,
        "fn": 989,
        "fp_d": 852,
        "fn_d": 1182
      },
      "6": {
        "tp": 89245,
        "fp": 11990,
        "fn": 11771,
        "fp_d": 28125,
        "fn_d": 24934
      }
    }
  }
}