{
  "Neutrophil": {
    "xgb": 25.454545454545453
  },
  "Epithelial": {
    "xgb": 75.68013682633836
  },
  "Lymphocyte": {
    "xgb": 54.238559123806375
  },
  "Plasma": {
    "xgb": 32.87963404709118
  },
  "Eosinophil": {
    "xgb": 26.702862783810467
  },
  "Connective": {
    "xgb": 55.278865106465666
  },
  "AVG": {
    "xgb": 45.03910055700958
  },
  "Paper": {
    "Neutrophil": 24.8,
    "Epithelial": 70.64,
    "Lymphocyte": 53.31,
    "Plasma": 71.2,
    "Eosinophil": 68.69,
    "Connective": 70.76,
    "AVG": 59.900000000000006
  },
  "_counts": {
    "xgb": {
      "1": {
        "tp": 2142,
        "fp": 3008,
        "fn": 1179,
        "fp_d": 2411,
        "fn_d": 1761
      },
      "2": {
        "tp": 215492,
        "fp": 6341,
        "fn": 5842,
        "fp_d": 53383,
        "fn_d": 60748
      },
      "3": {
        "tp": 78839,
        "fp": 22543,
        "fn": 31862,
        "fp_d": 13992,
        "fn_d": 10232
      },
      "4": {
        "tp": 17574,
        "fp": 20601,
        "fn": 11571,
        "fp_d": 4587,
        "fn_d": 2820
      },
      "5": {
        "tp": 1623,
        "fp": 2182,
        "fn": 1044,
        "fp_d": 1276,
        "fn_d": 1182
      },
      "6": {
        "tp": 79648,
        "fp": 18191,
        "fn": 21368,
        "fp_d": 24820,
        "fn_d": 24934
      }
    }
  }
}