{
  "Neutrophil": {
    "xgb": 30.68019434124035
  },
  "Epithelial": {
    "xgb": 76.57041365267894
  },
  "Lymphocyte": {
    "xgb": 63.09193705210847
  },
  "Plasma": {
    "xgb": 36.92249632542804
  },
  "Eosinophil": {
    "xgb": 38.53978300180832
  },
  "Connective": {
    "xgb": 62.91676652489778
  },
  "AVG": {
    "xgb": 51.45359848302698
  },
  "Paper": {
    "Neutrophil": 24.8,
    "Epithelial": 70.64,
    "Lymphocyte": 53.31,
    "Plasma": 71.2,
    "Eosinophil": 68.69,
    "Connective": 70.76,
    "AVG": 59.900000000000006
  },
  "_counts": {
    "xgb": {
      "1": {
        "tp": 2147,
        "fp": 1866,
        "fn": 1174,
        "fp_d": 1861,
        "fn_d": 1761
      },
      "2": {
        "tp": 216419,
        "fp": 4530,
        "fn": 4915,
        "fp_d": 52805,
        "fn_d": 60748
      },
      "3": {
        "tp": 87600,
        "fp": 16488,
        "fn": 23101,
        "fp_d": 13080,
        "fn_d": 10232
      },
      "4": {
        "tp": 18589,
        "fp": 17752,
        "fn": 10556,
        "fp_d": 4078,
        "fn_d": 2820
      },
      "5": {
        "tp": 1705,
        "fp": 709,
        "fn": 962,
        "fp_d": 914,
        "fn_d": 1182
      },
      "6": {
        "tp": 87946,
        "fp": 12433,
        "fn": 13070,
        "fp_d": 27731,
        "fn_d": 24934
      }
    }
  }
}