{
  "Neutrophil": {
    "xgb": 31.12208330015131
  },
  "Epithelial": {
    "xgb": 76.50314046777746
  },
  "Lymphocyte": {
    "xgb": 63.6202370478459
  },
  "Plasma": {
    "xgb": 37.1903616923313
  },
  "Eosinophil": {
    "xgb": 38.705202312138724
  },
  "Connective": {
    "xgb": 63.96593220824618
  },
  "AVG": {
    "xgb": 51.85115950474848
  },
  "Paper": {
    "Neutrophil": 24.8,
    "Epithelial": 70.64,
    "Lymphocyte": 53.31,
    "Plasma": 71.2,
    "Eosinophil": 68.69,
    "Connective": 70.76,
    "AVG": 59.900000000000006
  },
  "_counts": {
    "xgb": {
      "1": {
        "tp": 1954,
        "fp": 1326,
        "fn": 1367,
        "fp_d": 1502,
        "fn_d": 1761
      },
      "2": {
        "tp": 216077,
        "fp": 4359,
        "fn": 5257,
        "fp_d": 52750,
        "fn_d": 60748
      },
      "3": {
        "tp": 88943,
        "fp": 17278,
        "fn": 21758,
        "fp_d": 13416,
        "fn_d": 10232
      },
      "4": {
        "tp": 18174,
        "fp": 16438,
        "fn": 10971,
        "fp_d": 3749,
        "fn_d": 2820
      },
      "5": {
        "tp": 1674,
        "fp": 634,
        "fn": 993,
        "fp_d": 866,
        "fn_d": 1182
      },
      "6": {
        "tp": 89299,
        "fp": 12028,
        "fn": 11717,
        "fp_d": 28186,
        "fn_d": 24934
      }
    }
  }
}