{
  "Neutrophil": {
    "xgb": 13.218178079374871
  },
  "Epithelial": {
    "xgb": 59.00449906503009
  },
  "Lymphocyte": {
    "xgb": 49.62291502925509
  },
  "Plasma": {
    "xgb": 20.80709731950387
  },
  "Eosinophil": {
    "xgb": 26.008322663252244
  },
  "Connective": {
    "xgb": 40.84678007644948
  },
  "AVG": {
    "xgb": 34.91796537214427
  },
  "Paper": {
    "Neutrophil": 24.8,
    "Epithelial": 70.64,
    "Lymphocyte": 53.31,
    "Plasma": 71.2,
    "Eosinophil": 68.69,
    "Connective": 70.76,
    "AVG": 59.900000000000006
  },
  "_counts": {
    "xgb": {
      "1": {
        "tp": 1607,
        "fp": 6903,
        "fn": 1714,
        "fp_d": 2106,
        "fn_d": 1761
      },
      "2": {
        "tp": 173706,
        "fp": 20709,
        "fn": 47628,
        "fp_d": 43955,
        "fn_d": 60748
      },
      "3": {
        "tp": 71029,
        "fp": 21163,
        "fn": 39672,
        "fp_d": 12315,
        "fn_d": 10232
      },
      "4": {
        "tp": 15878,
        "fp": 42367,
        "fn": 13267,
        "fp_d": 6777,
        "fn_d": 2820
      },
      "5": {
        "tp": 1625,
        "fp": 2381,
        "fn": 1042,
        "fp_d": 1218,
        "fn_d": 1182
      },
      "6": {
        "tp": 69993,
        "fp": 40823,
        "fn": 31023,
        "fp_d": 34098,
        "fn_d": 24934
      }
    }
  }
}