{
  "Neoplastic": {
    "xgb": 60.82264199600284
  },
  "Inflammatory": {
    "xgb": 53.059797805979784
  },
  "Connective": {
    "xgb": 52.1832678309605
  },
  "Dead": {
    "xgb": 38.6135777714122
  },
  "Epithelial": {
    "xgb": 60.7771192021827
  },
  "AVG": {
    "xgb": 53.0912809213076
  },
  "Paper": {
    "Neoplastic": 62.65,
    "Inflammatory": 60.98,
    "Connective": 49.95,
    "Dead": 12.24,
    "Epithelial": 60.21,
    "AVG": 49.206
  },
  "_counts": {
    "xgb": {
      "1": {
        "tp": 47171,
        "fp": 4308,
        "fn": 5205,
        "fp_d": 16715,
        "fn_d": 25027
      },
      "2": {
        "tp": 19734,
        "fp": 5720,
        "fn": 4832,
        "fp_d": 6102,
        "fn_d": 7710
      },
      "3": {
        "tp": 30074,
        "fp": 7104,
        "fn": 7403,
        "fp_d": 12993,
        "fn_d": 13108
      },
      "4": {
        "tp": 1348,
        "fp": 679,
        "fn": 515,
        "fp_d": 853,
        "fn_d": 1045
      },
      "5": {
        "tp": 16150,
        "fp": 1630,
        "fn": 1486,
        "fp_d": 5677,
        "fn_d": 8936
      }
    }
  },
  "_total_gt": {
    "1": 77403,
    "2": 32276,
    "3": 50585,
    "4": 2908,
    "5": 26572
  }
}