{
  "Neoplastic": {
    "xgb": 60.240424579576704
  },
  "Inflammatory": {
    "xgb": 51.52109780678921
  },
  "Connective": {
    "xgb": 50.39344374957048
  },
  "Dead": {
    "xgb": 37.73806035745678
  },
  "Epithelial": {
    "xgb": 60.393189728153516
  },
  "AVG": {
    "xgb": 52.05724324430934
  },
  "Paper": {
    "Neoplastic": 62.65,
    "Inflammatory": 60.98,
    "Connective": 49.95,
    "Dead": 12.24,
    "Epithelial": 60.21,
    "AVG": 49.206
  },
  "_counts": {
    "xgb": {
      "1": {
        "tp": 47105,
        "fp": 4893,
        "fn": 5271,
        "fp_d": 16825,
        "fn_d": 25027
      },
      "2": {
        "tp": 19298,
        "fp": 6026,
        "fn": 5268,
        "fp_d": 6019,
        "fn_d": 7710
      },
      "3": {
        "tp": 29331,
        "fp": 7664,
        "fn": 8146,
        "fp_d": 13018,
        "fn_d": 13108
      },
      "4": {
        "tp": 1288,
        "fp": 625,
        "fn": 575,
        "fp_d": 805,
        "fn_d": 1045
      },
      "5": {
        "tp": 16051,
        "fp": 1637,
        "fn": 1585,
        "fp_d": 5673,
        "fn_d": 8936
      }
    }
  },
  "_total_gt": {
    "1": 77403,
    "2": 32276,
    "3": 50585,
    "4": 2908,
    "5": 26572
  }
}