{
  "Neoplastic": {
    "xgb": 60.28101636597361
  },
  "Inflammatory": {
    "xgb": 51.52664618672366
  },
  "Connective": {
    "xgb": 50.51265523613081
  },
  "Dead": {
    "xgb": 37.740278796771825
  },
  "Epithelial": {
    "xgb": 60.43544532470221
  },
  "AVG": {
    "xgb": 52.09920838206042
  },
  "Paper": {
    "Neoplastic": 62.65,
    "Inflammatory": 60.98,
    "Connective": 49.95,
    "Dead": 12.24,
    "Epithelial": 60.21,
    "AVG": 49.206
  },
  "_counts": {
    "xgb": {
      "1": {
        "tp": 47128,
        "fp": 4871,
        "fn": 5248,
        "fp_d": 16840,
        "fn_d": 25027
      },
      "2": {
        "tp": 19289,
        "fp": 6002,
        "fn": 5277,
        "fp_d": 6024,
        "fn_d": 7710
      },
      "3": {
        "tp": 29387,
        "fp": 7645,
        "fn": 8090,
        "fp_d": 13003,
        "fn_d": 13108
      },
      "4": {
        "tp": 1286,
        "fp": 621,
        "fn": 577,
        "fp_d": 802,
        "fn_d": 1045
      },
      "5": {
        "tp": 16058,
        "fp": 1631,
        "fn": 1578,
        "fp_d": 5671,
        "fn_d": 8936
      }
    }
  },
  "_total_gt": {
    "1": 77403,
    "2": 32276,
    "3": 50585,
    "4": 2908,
    "5": 26572
  }
}