{
  "Neoplastic": {
    "xgb": 60.67389680311188
  },
  "Inflammatory": {
    "xgb": 52.305587596233806
  },
  "Connective": {
    "xgb": 51.56968865180275
  },
  "Dead": {
    "xgb": 38.86512688907898
  },
  "Epithelial": {
    "xgb": 60.80346222598551
  },
  "AVG": {
    "xgb": 52.84355243324259
  },
  "Paper": {
    "Neoplastic": 62.65,
    "Inflammatory": 60.98,
    "Connective": 49.95,
    "Dead": 12.24,
    "Epithelial": 60.21,
    "AVG": 49.206
  },
  "_counts": {
    "xgb": {
      "1": {
        "tp": 47106,
        "fp": 4339,
        "fn": 5270,
        "fp_d": 16819,
        "fn_d": 25027
      },
      "2": {
        "tp": 19499,
        "fp": 5833,
        "fn": 5067,
        "fp_d": 6050,
        "fn_d": 7710
      },
      "3": {
        "tp": 29872,
        "fp": 7396,
        "fn": 7605,
        "fp_d": 12997,
        "fn_d": 13108
      },
      "4": {
        "tp": 1363,
        "fp": 709,
        "fn": 500,
        "fp_d": 825,
        "fn_d": 1045
      },
      "5": {
        "tp": 16157,
        "fp": 1644,
        "fn": 1479,
        "fp_d": 5649,
        "fn_d": 8936
      }
    }
  },
  "_total_gt": {
    "1": 77403,
    "2": 32276,
    "3": 50585,
    "4": 2908,
    "5": 26572
  }
}