{
  "Neoplastic": {
    "xgb": 45.43310819546974
  },
  "Inflammatory": {
    "xgb": 42.182536377589265
  },
  "Connective": {
    "xgb": 37.77563173990021
  },
  "Dead": {
    "xgb": 22.958882549675387
  },
  "Epithelial": {
    "xgb": 31.751967405257574
  },
  "AVG": {
    "xgb": 36.02042525357844
  },
  "Paper": {
    "Neoplastic": 62.65,
    "Inflammatory": 60.98,
    "Connective": 49.95,
    "Dead": 12.24,
    "Epithelial": 60.21,
    "AVG": 49.206
  },
  "_counts": {
    "xgb": {
      "1": {
        "tp": 36896,
        "fp": 9071,
        "fn": 15480,
        "fp_d": 14498,
        "fn_d": 25027
      },
      "2": {
        "tp": 17727,
        "fp": 10379,
        "fn": 6839,
        "fp_d": 6449,
        "fn_d": 7710
      },
      "3": {
        "tp": 23470,
        "fp": 11871,
        "fn": 14007,
        "fp_d": 12456,
        "fn_d": 13108
      },
      "4": {
        "tp": 1167,
        "fp": 1886,
        "fn": 696,
        "fp_d": 1623,
        "fn_d": 1045
      },
      "5": {
        "tp": 11378,
        "fp": 10073,
        "fn": 6258,
        "fp_d": 7314,
        "fn_d": 8936
      }
    }
  },
  "_total_gt": {
    "1": 77403,
    "2": 32276,
    "3": 50585,
    "4": 2908,
    "5": 26572
  }
}