{
  "Neoplastic": {
    "xgb": 60.278124100891915
  },
  "Inflammatory": {
    "xgb": 51.77529052642853
  },
  "Connective": {
    "xgb": 50.633477546596936
  },
  "Dead": {
    "xgb": 37.76736009375916
  },
  "Epithelial": {
    "xgb": 60.454699439153835
  },
  "AVG": {
    "xgb": 52.18179034136608
  },
  "Paper": {
    "Neoplastic": 62.65,
    "Inflammatory": 60.98,
    "Connective": 49.95,
    "Dead": 12.24,
    "Epithelial": 60.21,
    "AVG": 49.206
  },
  "_counts": {
    "xgb": {
      "1": {
        "tp": 47139,
        "fp": 4889,
        "fn": 5237,
        "fp_d": 16848,
        "fn_d": 25027
      },
      "2": {
        "tp": 19336,
        "fp": 5906,
        "fn": 5230,
        "fp_d": 6038,
        "fn_d": 7710
      },
      "3": {
        "tp": 29434,
        "fp": 7615,
        "fn": 8043,
        "fp_d": 12971,
        "fn_d": 13108
      },
      "4": {
        "tp": 1289,
        "fp": 623,
        "fn": 574,
        "fp_d": 809,
        "fn_d": 1045
      },
      "5": {
        "tp": 16061,
        "fp": 1626,
        "fn": 1575,
        "fp_d": 5674,
        "fn_d": 8936
      }
    }
  },
  "_total_gt": {
    "1": 77403,
    "2": 32276,
    "3": 50585,
    "4": 2908,
    "5": 26572
  }
}